<?xml version="1.0" encoding="UTF-8"?>
<index>
	<title>Source of SWFSizeDemo</title>
	<nodes>
		<node label="html-template">
			<node label="assets">
				<node label="Dude.swf" icon="swfIcon" url="source/html-template/assets/Dude.swf"/>
				<node label="Lines.swf" icon="swfIcon" url="source/html-template/assets/Lines.swf"/>
				<node label="SWFSizeLogo.swf" icon="swfIcon" url="source/html-template/assets/SWFSizeLogo.swf"/>
			</node>
			<node label="history">
				<node label="history.css" icon="cssIcon" url="source/html-template/history/history.css.html"/>
				<node label="history.js" url="source/html-template/history/history.js.txt"/>
				<node label="historyFrame.html" icon="htmlIcon" url="source/html-template/history/historyFrame.html"/>
			</node>
			<node label="include">
				<node label="js">
					<node label="swfobject.js" url="source/html-template/include/js/swfobject.js.txt"/>
					<node label="swfsize.js" url="source/html-template/include/js/swfsize.js.txt"/>
				</node>
				<node label="swf">
					<node label="expressInstall.swf" icon="swfIcon" url="source/html-template/include/swf/expressInstall.swf"/>
				</node>
			</node>
			<node label="index.template.html" icon="htmlIcon" url="source/html-template/index.template.html"/>
		</node>
		<node label="libs">
		</node>
		<node label="src" icon="classpathIcon" expanded="true">
			<node label="com.chargedweb.swfsize" icon="packageIcon" expanded="true">
				<node label="SWFSize.as" icon="actionScriptIcon" url="source/com/chargedweb/swfsize/SWFSize.as.html"/>
				<node label="SWFSizeEvent.as" icon="actionScriptIcon" url="source/com/chargedweb/swfsize/SWFSizeEvent.as.html"/>
			</node>
			<node label="gs" icon="packageIcon" expanded="true">
				<node label="OverwriteManager.as" icon="actionScriptIcon" url="source/gs/OverwriteManager.as.html"/>
				<node label="TweenLite.as" icon="actionScriptIcon" url="source/gs/TweenLite.as.html"/>
			</node>
			<node label="gs.easing" icon="packageIcon" expanded="true">
				<node label="Back.as" icon="actionScriptIcon" url="source/gs/easing/Back.as.html"/>
				<node label="Bounce.as" icon="actionScriptIcon" url="source/gs/easing/Bounce.as.html"/>
				<node label="Circ.as" icon="actionScriptIcon" url="source/gs/easing/Circ.as.html"/>
				<node label="Cubic.as" icon="actionScriptIcon" url="source/gs/easing/Cubic.as.html"/>
				<node label="easing_readme.txt" url="source/gs/easing/easing_readme.txt"/>
				<node label="Elastic.as" icon="actionScriptIcon" url="source/gs/easing/Elastic.as.html"/>
				<node label="Expo.as" icon="actionScriptIcon" url="source/gs/easing/Expo.as.html"/>
				<node label="Linear.as" icon="actionScriptIcon" url="source/gs/easing/Linear.as.html"/>
				<node label="Quad.as" icon="actionScriptIcon" url="source/gs/easing/Quad.as.html"/>
				<node label="Quart.as" icon="actionScriptIcon" url="source/gs/easing/Quart.as.html"/>
				<node label="Quint.as" icon="actionScriptIcon" url="source/gs/easing/Quint.as.html"/>
				<node label="Sine.as" icon="actionScriptIcon" url="source/gs/easing/Sine.as.html"/>
				<node label="Strong.as" icon="actionScriptIcon" url="source/gs/easing/Strong.as.html"/>
			</node>
			<node selected="true" label="SWFSizeDemo.mxml" icon="mxmlAppIcon" url="source/SWFSizeDemo.mxml.html"/>
		</node>
	</nodes>
</index>
